{
	"format_version": "1.10.0",
	"geometry.tikki": {
		"texturewidth": 64,
		"textureheight": 64,
		"visible_bounds_width": 2,
		"visible_bounds_height": 1,
		"visible_bounds_offset": [0, 0, 0],
		"bones": [
			{
				"name": "body",
				"pivot": [0, 24, 0],
				"rotation": [-2.5, 0, 0],
				"cubes": [
					{"origin": [1, 16, 1], "size": [0, 0, 2], "uv": [16, 16]}
				]
			},
			{
				"name": "bone",
				"parent": "body",
				"pivot": [11, 36.87945, -3.52478],
				"rotation": [-5, 12.5, -147.5]
			},
			{
				"name": "bone2",
				"parent": "body",
				"pivot": [-7, 2, -1],
				"rotation": [-2.5, -5, 27.5],
				"cubes": [
					{"origin": [-7, 22, -1], "size": [0, 1, 0], "uv": [0, 0]}
				]
			},
			{
				"name": "waist",
				"pivot": [0, 12, 0]
			},
			{
				"name": "head",
				"pivot": [0, 24, 0],
				"rotation": [5, 0, 0],
				"cubes": [
					{"origin": [0, 18, -1], "size": [2, 2, 2], "uv": [0, 0]}
				]
			},
			{
				"name": "hat",
				"pivot": [0, 24, 0]
			},
			{
				"name": "rightArm",
				"pivot": [-5, 22, 0],
				"cubes": [
					{"origin": [-1, 16, 0], "size": [1, 2, 1], "uv": [40, 16]}
				]
			},
			{
				"name": "leftArm",
				"pivot": [5, 22, 0],
				"mirror": true,
				"cubes": [
					{"origin": [2, 16, 0], "size": [1, 2, 1], "uv": [41, 16]}
				]
			},
			{
				"name": "rightLeg",
				"pivot": [-1.9, 12, 0],
				"cubes": [
					{"origin": [0.1, 13, 0], "size": [1, 2, 1], "uv": [0, 16]}
				]
			},
			{
				"name": "leftLeg",
				"pivot": [1.9, 12, 0],
				"mirror": true,
				"cubes": [
					{"origin": [0.9, 13, 0], "size": [1, 2, 1], "uv": [0, 16]}
				]
			},
			{
				"name": "body2",
				"pivot": [0, 24, 0],
				"cubes": [
					{"origin": [0, 15, 0], "size": [2, 3, 1], "uv": [16, 16]}
				]
			},
			{
				"name": "bone3",
				"parent": "body2",
				"pivot": [9, 2, 0],
				"rotation": [0, 0, -27.5],
				"cubes": [
					{"origin": [9, 22, 0], "size": [0, 1, 0], "uv": [0, 0]}
				]
			},
			{
				"name": "bone4",
				"parent": "body2",
				"pivot": [-7, 2, -1],
				"rotation": [-2.5, -5, 27.5],
				"cubes": [
					{"origin": [-7, 22, -1], "size": [0, 1, 0], "uv": [0, 0]}
				]
			},
			{
				"name": "bone5",
				"pivot": [-10, 34, -2],
				"rotation": [0, 0, 132.5]
			}
		]
	}
}