{
  "resource_pack_name": "Furnicraft[Resource]",
  "texture_name": "atlas.items",
  "texture_data": {
    "egg_camel": {
      "textures": "textures/items/egg_camel"
    },
    "egg_lion": {
      "textures": "textures/items/egg_lion"
    },
    "egg_penguin": {
      "textures": "textures/items/egg_penguin"
    },
    "egg_tiger": {
      "textures": "textures/items/egg_tiger"
    },
    "egg_elephant": {
      "textures": "textures/items/egg_elephant"
    },
    "egg_deer": {
      "textures": "textures/items/egg_deer"
    },
    "egg_panther": {
      "textures": "textures/items/egg_panther"
    },
    "egg_frog": {
      "textures": "textures/items/egg_frog"
    },
    "egg_crocodile": {
      "textures": "textures/items/egg_crocodile"
    },
    "egg_mouse": {
      "textures": "textures/items/egg_mouse"
    },
    "gallardo": {
      "textures": "textures/items/gallardo"
    },
    "bench": {
      "textures": "textures/items/bench"
    },
    "christmas_tree": {
      "textures": "textures/items/christmas_tree"
    },
    "tivi": {
      "textures": "textures/items/tivi"
    },
    "closet": {
      "textures": "textures/items/closet"
    },
    "laptop": {
      "textures": "textures/items/laptop"
    },
    "piano": {
      "textures": "textures/items/piano"
    },
    "armchairs": {
      "textures": "textures/items/armchairs"
    },
    "chair": {
      "textures": "textures/items/chair"
    },
    "big_table": {
      "textures": "textures/items/big_table"
    },
    "small_table": {
      "textures": "textures/items/small_table"
    },
    "drone": {
      "textures": "textures/items/drone"
    },
    "colorful_gifts": {
      "textures": "textures/items/colorful_gifts"
    },
    "pa:arma_tagueador": {
      "textures": "textures/items/pamobile/pa_arma_tagueador"
    },
    "pa:bastao_howkmoth": {
      "textures": "textures/items/pamobile/pa_bastao_howkmoth"
    },
    "pa:yoyo_larybug": {
      "textures": "textures/items/pamobile/pa_yoyo_larybug"
    },
    "pa:flaute_rennarouge": {
      "textures": "textures/items/pamobile/pa_flaute_rennarouge"
    },
    "pa:bastao_catblanc": {
      "textures": "textures/items/pamobile/pa_bastao_catblanc"
    },
    "pa:escudo_carapace": {
      "textures": "textures/items/pamobile/pa_escudo_carapace"
    },
    "pa:queijo": {
      "textures": "textures/items/pamobile/pa_queijo"
    },
    "pa:Macarrom": {
      "textures": "textures/items/pamobile/pa_Macarrom"
    },
    "pa:Macarrom_chocolate": {
      "textures": "textures/items/pamobile/pa_Macarrom_chocolate"
    },
    "pa:arpa": {
      "textures": "textures/items/pamobile/pa_arpa"
    },
    "pa:guarda_chuva": {
      "textures": "textures/items/pamobile/pa_guarda_chuva"
    },
    "pa:chicote": {
      "textures": "textures/items/pamobile/pa_chicote"
    },
    "pa:bastao_monkey": {
      "textures": "textures/items/pamobile/pa_bastao_monkey"
    },
    "pa:ferradura": {
      "textures": "textures/items/pamobile/pa_ferradura"
    },
    "pa:espada": {
      "textures": "textures/items/pamobile/pa_espada"
    },
    "pa:bastao_catnoir": {
      "textures": "textures/items/pamobile/pa_bastao_catnoir"
    },
    "pa:catnoir": {
      "textures": "textures/items/pamobile/pa_catnoir"
    },
    "pa:howkmoth": {
      "textures": "textures/items/pamobile/pa_howkmoth"
    },
    "pa:queenbe": {
      "textures": "textures/items/pamobile/pa_queenbe"
    },
    "pa:rennarouge": {
      "textures": "textures/items/pamobile/pa_rennarouge"
    },
    "pa:ladybug": {
      "textures": "textures/items/pamobile/pa_ladybug"
    },
    "pa:akumatizado": {
      "textures": "textures/items/pamobile/pa_akumatizado"
    },
    "pa:catblanc": {
      "textures": "textures/items/pamobile/pa_catblanc"
    },
    "pa:mayura": {
      "textures": "textures/items/pamobile/pa_mayura"
    },
    "pa:carapace": {
      "textures": "textures/items/pamobile/pa_carapace"
    },
    "pa:viperion": {
      "textures": "textures/items/pamobile/pa_viperion"
    },
    "pa:Lady_wifi": {
      "textures": "textures/items/pamobile/pa_Lady_wifi"
    },
    "pa:monkey": {
      "textures": "textures/items/pamobile/pa_monkey"
    },
    "pa:pegasus": {
      "textures": "textures/items/pamobile/pa_pegasus"
    },
    "pa:bunix": {
      "textures": "textures/items/pamobile/pa_bunix"
    },
    "pa:multmouse": {
      "textures": "textures/items/pamobile/pa_multmouse"
    },
    "pa:tagueador": {
      "textures": "textures/items/pamobile/pa_tagueador"
    },
    "pa:ladybug_form_gelo": {
      "textures": "textures/items/pamobile/pa_ladybug_form_gelo"
    },
    "pa:catnoir_gelo": {
      "textures": "textures/items/pamobile/pa_catnoir_gelo"
    },
    "pa:akumatizacao": {
      "textures": "textures/items/pamobile/pa_akumatizacao"
    },
    "pa:gabrielagreste": {
      "textures": "textures/items/pamobile/pa_gabrielagreste"
    },
    "pa:marinetedupaingchebg": {
      "textures": "textures/items/pamobile/pa_marinetedupaingchebg"
    },
    "pa:alya": {
      "textures": "textures/items/pamobile/pa_alya"
    },
    "pa:chloebourgeois": {
      "textures": "textures/items/pamobile/pa_chloebourgeois"
    },
    "pa:adrienagreste": {
      "textures": "textures/items/pamobile/pa_adrienagreste"
    },
    "pa:sabrina": {
      "textures": "textures/items/pamobile/pa_sabrina"
    },
    "pa:cat_noir": {
      "textures": "textures/items/pamobile/pa_cat_noir"
    },
    "pa:rennarouge1": {
      "textures": "textures/items/pamobile/pa_rennarouge1"
    },
    "pa:senhor_pombo": {
      "textures": "textures/items/pamobile/pa_senhor_pombo"
    },
    "pa:nino": {
      "textures": "textures/items/pamobile/pa_nino"
    },
    "pa:coracao_depedra": {
      "textures": "textures/items/pamobile/pa_coracao_depedra"
    },
    "pa:nathalie": {
      "textures": "textures/items/pamobile/pa_nathalie"
    },
    "pa:ladywifi": {
      "textures": "textures/items/pamobile/pa_ladywifi"
    },
    "pa:luka": {
      "textures": "textures/items/pamobile/pa_luka"
    },
    "pa:nath": {
      "textures": "textures/items/pamobile/pa_nath"
    },
    "pa:catblanc1": {
      "textures": "textures/items/pamobile/pa_catblanc1"
    },
    "pa:juleka": {
      "textures": "textures/items/pamobile/pa_juleka"
    },
    "pa:aspik1": {
      "textures": "textures/items/pamobile/pa_aspik1"
    },
    "pa:lila": {
      "textures": "textures/items/pamobile/pa_lila"
    },
    "pa:larybug9": {
      "textures": "textures/items/pamobile/pa_larybug9"
    },
    "pa:plagg": {
      "textures": "textures/items/pamobile/pa_plagg"
    },
    "pa:noru": {
      "textures": "textures/items/pamobile/pa_noru"
    },
    "pa:triques": {
      "textures": "textures/items/pamobile/pa_triques"
    },
    "pa:weizz": {
      "textures": "textures/items/pamobile/pa_weizz"
    },
    "pa:pavao": {
      "textures": "textures/items/pamobile/pa_pavao"
    },
    "pa:tiki": {
      "textures": "textures/items/pamobile/pa_tiki"
    },
    "pa:kaalki": {
      "textures": "textures/items/pamobile/pa_kaalki"
    },
    "pa:topu": {
      "textures": "textures/items/pamobile/pa_topu"
    },
    "pa:mouse": {
      "textures": "textures/items/pamobile/pa_mouse"
    },
    "pa:dragao": {
      "textures": "textures/items/pamobile/pa_dragao"
    },
    "pa:sazz": {
      "textures": "textures/items/pamobile/pa_sazz"
    },
    "pa:akuma": {
      "textures": "textures/items/pamobile/pa_akuma"
    }
  }
}