{"format_version":"1.8.0","minecraft:entity":{"description":{"identifier":"minecraft:ender_pearl","is_spawnable":false,"is_summonable":false,"is_experimental":false},"component_groups":{"minecraft:no_spawn":{"minecraft:projectile":{"onHit":{"definition_event":{"affectProjectile":true,"eventTrigger":{"event":"minecraft:explode","target":"self"}}},"power":1.5,"gravity":0.025,"angleoffset":0.0,"inertia":1,"liquid_inertia":1}},"minecraft:exploding":{"minecraft:explode":{"fuseLength":0,"fuseLit":true,"power":3,"causesFire":false,"fireAffectedByGriefing":true,"destroyAffectedByGriefing":true}}},"components":{"minecraft:collision_box":{"width":0.25,"height":0.25},"minecraft:projectile":{"onHit":{"definition_event":{"affectProjectile":true,"eventTrigger":{"event":"minecraft:explode","target":"self"}}},"power":1.5,"gravity":0.025,"angleoffset":0.0,"inertia":1,"liquid_inertia":1},"minecraft:physics":{}},"events":{"minecraft:entity_spawned":{"sequence":[{"filters":{"test":"is_game_rule","domain":"domobspawning","value":false},"add":{"component_groups":["minecraft:no_spawn"]}}]},"minecraft:explode":{"add":{"component_groups":["minecraft:exploding"]}}}}}