{
  "format_version": "1.10",
  "minecraft:entity": {
    "description": {
      "identifier": "minecraft:player",
      "is_spawnable": false,
      "is_summonable": false,
      "is_experimental": false,
      "scripts": {
        "animate": [
          "walk",
          "pa:arma_tagueador",
          "pa:catnoir",
          "pa:howkmoth",
          "pa:queenbe",
          "pa:rennarouge",
          "pa:ladybug",
          "pa:akumatizado",
          "pa:catblanc",
          "pa:mayura",
          "pa:carapace",
          "pa:viperion",
          "pa:Lady_wifi",
          "pa:monkey",
          "pa:pegasus",
          "pa:multmouse",
          "pa:bunix",
          "pa:tagueador",
          "pa:ladybug_form_gelo",
          "pa:catnoir_gelo",
          "pa:akumatizacao"
        ]
      },
      "animations": {
        "walk": "controller.animation.walk",
        "pa:arma_tagueador": "controller.animation.pa_arma_tagueador",
        "pa:catnoir": "controller.animation.pa_catnoir",
        "pa:howkmoth": "controller.animation.pa_howkmoth",
        "pa:queenbe": "controller.animation.pa_queenbe",
        "pa:rennarouge": "controller.animation.pa_rennarouge",
        "pa:ladybug": "controller.animation.pa_ladybug",
        "pa:akumatizado": "controller.animation.pa_akumatizado",
        "pa:catblanc": "controller.animation.pa_catblanc",
        "pa:mayura": "controller.animation.pa_mayura",
        "pa:carapace": "controller.animation.pa_carapace",
        "pa:viperion": "controller.animation.pa_viperion",
        "pa:Lady_wifi": "controller.animation.pa_Lady_wifi",
        "pa:monkey": "controller.animation.pa_monkey",
        "pa:pegasus": "controller.animation.pa_pegasus",
        "pa:multmouse": "controller.animation.pa_multmouse",
        "pa:bunix": "controller.animation.pa_bunix",
        "pa:tagueador": "controller.animation.pa_tagueador",
        "pa:ladybug_form_gelo": "controller.animation.pa_ladybug_form_gelo",
        "pa:catnoir_gelo": "controller.animation.pa_catnoir_gelo",
        "pa:akumatizacao": "controller.animation.pa_akumatizacao"
      }
    },
    "component_groups": {
      "pamobile:respawn": {
        "minecraft:mark_variant": {
          "value": 99999
        },
        "minecraft:health": {
          "value": 20,
          "max": 20
        },
        "minecraft:movement": {
          "value": 0.1
        },
        "minecraft:attack": {
          "damage": 1
        },
        "minecraft:spell_effects": {
          "remove_effects": [
            "jump_boost",
            "regeneration",
            "resistance",
            "speed",
            "strength",
            "night_vision",
            "water_breathing",
            "saturation",
            "slow_falling",
            "instant_health"
          ]
        }
      },
      "ammo:1": {
        "minecraft:mark_variant": {
          "value": 1
        }
      },
      "pa:bastao_howkmoth": {
        "minecraft:health": {
          "value": 22,
          "max": 22
        },
        "minecraft:movement": {
          "value": 0.1
        },
        "minecraft:attack": {
          "damage": 10
        },
        "minecraft:spell_effects": {
          "add_effects": []
        }
      },
      "pa:yoyo_larybug": {
        "minecraft:health": {
          "value": 22,
          "max": 22
        },
        "minecraft:movement": {
          "value": 0.1
        },
        "minecraft:attack": {
          "damage": 10
        },
        "minecraft:spell_effects": {
          "add_effects": []
        }
      },
      "pa:flaute_rennarouge": {
        "minecraft:health": {
          "value": 22,
          "max": 22
        },
        "minecraft:movement": {
          "value": 0.1
        },
        "minecraft:attack": {
          "damage": 11
        },
        "minecraft:spell_effects": {
          "add_effects": []
        }
      },
      "pa:bastao_catblanc": {
        "minecraft:health": {
          "value": 22,
          "max": 22
        },
        "minecraft:movement": {
          "value": 0.1
        },
        "minecraft:attack": {
          "damage": 12
        },
        "minecraft:spell_effects": {
          "add_effects": []
        }
      },
      "pa:escudo_carapace": {
        "minecraft:health": {
          "value": 22,
          "max": 22
        },
        "minecraft:movement": {
          "value": 0.1
        },
        "minecraft:attack": {
          "damage": 1000
        },
        "minecraft:spell_effects": {
          "add_effects": [
            {
              "effect": "resistance",
              "duration": 60000,
              "amplifier": 10,
              "display_on_screen_animation": false
            }
          ]
        }
      },
      "pa:arpa": {
        "minecraft:health": {
          "value": 22,
          "max": 22
        },
        "minecraft:movement": {
          "value": 0.1
        },
        "minecraft:attack": {
          "damage": 6
        },
        "minecraft:spell_effects": {
          "add_effects": []
        }
      },
      "pa:bastao_monkey": {
        "minecraft:health": {
          "value": 22,
          "max": 22
        },
        "minecraft:movement": {
          "value": 0.1
        },
        "minecraft:attack": {
          "damage": 6
        },
        "minecraft:spell_effects": {
          "add_effects": []
        }
      },
      "pa:ferradura": {
        "minecraft:health": {
          "value": 22,
          "max": 22
        },
        "minecraft:movement": {
          "value": 0.1
        },
        "minecraft:attack": {
          "damage": 10
        },
        "minecraft:spell_effects": {
          "add_effects": []
        }
      },
      "pa:guarda_chuva": {
        "minecraft:health": {
          "value": 22,
          "max": 22
        },
        "minecraft:movement": {
          "value": 0.1
        },
        "minecraft:attack": {
          "damage": 4
        },
        "minecraft:spell_effects": {
          "add_effects": [
            {
              "effect": "slow_falling",
              "duration": 60000,
              "amplifier": 2,
              "display_on_screen_animation": false
            }
          ]
        }
      },
      "pa:chicote": {
        "minecraft:health": {
          "value": 22,
          "max": 22
        },
        "minecraft:movement": {
          "value": 0.1
        },
        "minecraft:attack": {
          "damage": 6
        },
        "minecraft:spell_effects": {
          "add_effects": []
        }
      },
      "pa:espada": {
        "minecraft:health": {
          "value": 22,
          "max": 22
        },
        "minecraft:movement": {
          "value": 0.1
        },
        "minecraft:attack": {
          "damage": 7
        },
        "minecraft:spell_effects": {
          "add_effects": [
            {
              "effect": "resistance",
              "duration": 60000,
              "amplifier": 1,
              "display_on_screen_animation": false
            },
            {
              "effect": "speed",
              "duration": 60000,
              "amplifier": 6,
              "display_on_screen_animation": false
            }
          ]
        }
      },
      "pa:bastao_catnoir": {
        "minecraft:health": {
          "value": 22,
          "max": 22
        },
        "minecraft:movement": {
          "value": 0.1
        },
        "minecraft:attack": {
          "damage": 10
        },
        "minecraft:spell_effects": {
          "add_effects": [
            {
              "effect": "jump_boost",
              "duration": 60000,
              "amplifier": 10,
              "display_on_screen_animation": false
            }
          ]
        }
      },
      "pa:arma_tagueador_fire": {
        "minecraft:spawn_entity": [
          {
            "min_wait_time": 0,
            "max_wait_time": 0,
            "single_use": true,
            "spawn_entity": "pa:arma_tagueador",
            "num_to_spawn": 1
          }
        ]
      },
      "pa:catnoir_event_hold": {
        "minecraft:is_chested": {}
      },
      "pa:catnoir_event_play": {
        "minecraft:health": {
          "value": 22,
          "max": 22
        },
        "minecraft:movement": {
          "value": 0.1
        },
        "minecraft:spell_effects": {
          "add_effects": [
            {
              "effect": "jump_boost",
              "duration": 60000,
              "amplifier": 1,
              "display_on_screen_animation": false
            },
            {
              "effect": "night_vision",
              "duration": 60000,
              "amplifier": 1,
              "display_on_screen_animation": false
            },
            {
              "effect": "regeneration",
              "duration": 60000,
              "amplifier": 1,
              "display_on_screen_animation": false
            },
            {
              "effect": "resistance",
              "duration": 60000,
              "amplifier": 1,
              "display_on_screen_animation": false
            },
            {
              "effect": "speed",
              "duration": 60000,
              "amplifier": 1,
              "display_on_screen_animation": false
            }
          ]
        }
      },
      "pa:howkmoth_event_hold": {
        "minecraft:is_chested": {}
      },
      "pa:howkmoth_event_play": {
        "minecraft:health": {
          "value": 38,
          "max": 38
        },
        "minecraft:movement": {
          "value": 0.1
        },
        "minecraft:spell_effects": {
          "add_effects": [
            {
              "effect": "jump_boost",
              "duration": 60000,
              "amplifier": 1,
              "display_on_screen_animation": false
            },
            {
              "effect": "regeneration",
              "duration": 60000,
              "amplifier": 1,
              "display_on_screen_animation": false
            },
            {
              "effect": "resistance",
              "duration": 60000,
              "amplifier": 1,
              "display_on_screen_animation": false
            },
            {
              "effect": "speed",
              "duration": 60000,
              "amplifier": 1,
              "display_on_screen_animation": false
            },
            {
              "effect": "strength",
              "duration": 60000,
              "amplifier": 1,
              "display_on_screen_animation": false
            }
          ]
        }
      },
      "pa:queenbe_event_hold": {
        "minecraft:is_chested": {}
      },
      "pa:queenbe_event_play": {
        "minecraft:health": {
          "value": 38,
          "max": 38
        },
        "minecraft:movement": {
          "value": 0.1
        },
        "minecraft:spell_effects": {
          "add_effects": [
            {
              "effect": "jump_boost",
              "duration": 60000,
              "amplifier": 1,
              "display_on_screen_animation": false
            },
            {
              "effect": "regeneration",
              "duration": 60000,
              "amplifier": 1,
              "display_on_screen_animation": false
            },
            {
              "effect": "resistance",
              "duration": 60000,
              "amplifier": 1,
              "display_on_screen_animation": false
            },
            {
              "effect": "speed",
              "duration": 60000,
              "amplifier": 1,
              "display_on_screen_animation": false
            }
          ]
        }
      },
      "pa:rennarouge_event_hold": {
        "minecraft:is_chested": {}
      },
      "pa:rennarouge_event_play": {
        "minecraft:health": {
          "value": 38,
          "max": 38
        },
        "minecraft:movement": {
          "value": 0.1
        },
        "minecraft:spell_effects": {
          "add_effects": [
            {
              "effect": "jump_boost",
              "duration": 60000,
              "amplifier": 1,
              "display_on_screen_animation": false
            },
            {
              "effect": "resistance",
              "duration": 60000,
              "amplifier": 1,
              "display_on_screen_animation": false
            },
            {
              "effect": "speed",
              "duration": 60000,
              "amplifier": 4,
              "display_on_screen_animation": false
            }
          ]
        }
      },
      "pa:ladybug_event_hold": {
        "minecraft:is_chested": {}
      },
      "pa:ladybug_event_play": {
        "minecraft:health": {
          "value": 38,
          "max": 38
        },
        "minecraft:movement": {
          "value": 0.1
        },
        "minecraft:spell_effects": {
          "add_effects": [
            {
              "effect": "jump_boost",
              "duration": 60000,
              "amplifier": 1,
              "display_on_screen_animation": false
            },
            {
              "effect": "regeneration",
              "duration": 60000,
              "amplifier": 1,
              "display_on_screen_animation": false
            },
            {
              "effect": "resistance",
              "duration": 60000,
              "amplifier": 1,
              "display_on_screen_animation": false
            },
            {
              "effect": "speed",
              "duration": 60000,
              "amplifier": 1,
              "display_on_screen_animation": false
            },
            {
              "effect": "strength",
              "duration": 60000,
              "amplifier": 1,
              "display_on_screen_animation": false
            }
          ]
        }
      },
      "pa:akumatizado_event_hold": {
        "minecraft:is_chested": {}
      },
      "pa:akumatizado_event_play": {
        "minecraft:health": {
          "value": 38,
          "max": 38
        },
        "minecraft:movement": {
          "value": 0.1
        },
        "minecraft:spell_effects": {
          "add_effects": [
            {
              "effect": "jump_boost",
              "duration": 60000,
              "amplifier": 1,
              "display_on_screen_animation": false
            },
            {
              "effect": "night_vision",
              "duration": 60000,
              "amplifier": 1,
              "display_on_screen_animation": false
            },
            {
              "effect": "resistance",
              "duration": 60000,
              "amplifier": 1,
              "display_on_screen_animation": false
            },
            {
              "effect": "speed",
              "duration": 60000,
              "amplifier": 1,
              "display_on_screen_animation": false
            },
            {
              "effect": "water_breathing",
              "duration": 60000,
              "amplifier": 1,
              "display_on_screen_animation": false
            }
          ]
        }
      },
      "pa:catblanc_event_hold": {
        "minecraft:is_chested": {}
      },
      "pa:catblanc_event_play": {
        "minecraft:health": {
          "value": 38,
          "max": 38
        },
        "minecraft:movement": {
          "value": 0.1
        },
        "minecraft:spell_effects": {
          "add_effects": [
            {
              "effect": "jump_boost",
              "duration": 60000,
              "amplifier": 1,
              "display_on_screen_animation": false
            },
            {
              "effect": "night_vision",
              "duration": 60000,
              "amplifier": 1,
              "display_on_screen_animation": false
            },
            {
              "effect": "regeneration",
              "duration": 60000,
              "amplifier": 1,
              "display_on_screen_animation": false
            },
            {
              "effect": "resistance",
              "duration": 60000,
              "amplifier": 1,
              "display_on_screen_animation": false
            },
            {
              "effect": "speed",
              "duration": 60000,
              "amplifier": 1,
              "display_on_screen_animation": false
            },
            {
              "effect": "strength",
              "duration": 60000,
              "amplifier": 1,
              "display_on_screen_animation": false
            }
          ]
        }
      },
      "pa:mayura_event_hold": {
        "minecraft:is_chested": {}
      },
      "pa:mayura_event_play": {
        "minecraft:health": {
          "value": 38,
          "max": 38
        },
        "minecraft:movement": {
          "value": 0.1
        },
        "minecraft:spell_effects": {
          "add_effects": [
            {
              "effect": "jump_boost",
              "duration": 60000,
              "amplifier": 1,
              "display_on_screen_animation": false
            },
            {
              "effect": "night_vision",
              "duration": 60000,
              "amplifier": 1,
              "display_on_screen_animation": false
            },
            {
              "effect": "regeneration",
              "duration": 60000,
              "amplifier": 1,
              "display_on_screen_animation": false
            },
            {
              "effect": "resistance",
              "duration": 60000,
              "amplifier": 1,
              "display_on_screen_animation": false
            },
            {
              "effect": "speed",
              "duration": 60000,
              "amplifier": 1,
              "display_on_screen_animation": false
            },
            {
              "effect": "strength",
              "duration": 60000,
              "amplifier": 1,
              "display_on_screen_animation": false
            }
          ]
        }
      },
      "pa:carapace_event_hold": {
        "minecraft:is_chested": {}
      },
      "pa:carapace_event_play": {
        "minecraft:health": {
          "value": 38,
          "max": 38
        },
        "minecraft:movement": {
          "value": 0.1
        },
        "minecraft:spell_effects": {
          "add_effects": [
            {
              "effect": "jump_boost",
              "duration": 60000,
              "amplifier": 1,
              "display_on_screen_animation": false
            },
            {
              "effect": "regeneration",
              "duration": 60000,
              "amplifier": 1,
              "display_on_screen_animation": false
            },
            {
              "effect": "speed",
              "duration": 60000,
              "amplifier": 1,
              "display_on_screen_animation": false
            },
            {
              "effect": "strength",
              "duration": 60000,
              "amplifier": 1,
              "display_on_screen_animation": false
            }
          ]
        }
      },
      "pa:viperion_event_hold": {
        "minecraft:is_chested": {}
      },
      "pa:viperion_event_play": {
        "minecraft:health": {
          "value": 38,
          "max": 38
        },
        "minecraft:movement": {
          "value": 0.1
        },
        "minecraft:spell_effects": {
          "add_effects": [
            {
              "effect": "jump_boost",
              "duration": 60000,
              "amplifier": 1,
              "display_on_screen_animation": false
            },
            {
              "effect": "regeneration",
              "duration": 60000,
              "amplifier": 1,
              "display_on_screen_animation": false
            },
            {
              "effect": "resistance",
              "duration": 60000,
              "amplifier": 1,
              "display_on_screen_animation": false
            },
            {
              "effect": "speed",
              "duration": 60000,
              "amplifier": 3,
              "display_on_screen_animation": false
            },
            {
              "effect": "strength",
              "duration": 60000,
              "amplifier": 5,
              "display_on_screen_animation": false
            }
          ]
        }
      },
      "pa:Lady_wifi_event_hold": {
        "minecraft:is_chested": {}
      },
      "pa:Lady_wifi_event_play": {
        "minecraft:health": {
          "value": 38,
          "max": 38
        },
        "minecraft:movement": {
          "value": 0.1
        },
        "minecraft:spell_effects": {
          "add_effects": [
            {
              "effect": "jump_boost",
              "duration": 60000,
              "amplifier": 4,
              "display_on_screen_animation": false
            },
            {
              "effect": "regeneration",
              "duration": 60000,
              "amplifier": 1,
              "display_on_screen_animation": false
            },
            {
              "effect": "resistance",
              "duration": 60000,
              "amplifier": 2,
              "display_on_screen_animation": false
            },
            {
              "effect": "speed",
              "duration": 60000,
              "amplifier": 2,
              "display_on_screen_animation": false
            },
            {
              "effect": "strength",
              "duration": 60000,
              "amplifier": 3,
              "display_on_screen_animation": false
            }
          ]
        }
      },
      "pa:monkey_event_hold": {
        "minecraft:is_chested": {}
      },
      "pa:monkey_event_play": {
        "minecraft:health": {
          "value": 38,
          "max": 38
        },
        "minecraft:movement": {
          "value": 0.1
        },
        "minecraft:spell_effects": {
          "add_effects": [
            {
              "effect": "jump_boost",
              "duration": 60000,
              "amplifier": 5,
              "display_on_screen_animation": false
            },
            {
              "effect": "regeneration",
              "duration": 60000,
              "amplifier": 1,
              "display_on_screen_animation": false
            },
            {
              "effect": "resistance",
              "duration": 60000,
              "amplifier": 1,
              "display_on_screen_animation": false
            },
            {
              "effect": "saturation",
              "duration": 60000,
              "amplifier": 1,
              "display_on_screen_animation": false
            },
            {
              "effect": "speed",
              "duration": 60000,
              "amplifier": 1,
              "display_on_screen_animation": false
            },
            {
              "effect": "strength",
              "duration": 60000,
              "amplifier": 1,
              "display_on_screen_animation": false
            }
          ]
        }
      },
      "pa:pegasus_event_hold": {
        "minecraft:is_chested": {}
      },
      "pa:pegasus_event_play": {
        "minecraft:health": {
          "value": 38,
          "max": 38
        },
        "minecraft:movement": {
          "value": 0.1
        },
        "minecraft:spell_effects": {
          "add_effects": [
            {
              "effect": "jump_boost",
              "duration": 60000,
              "amplifier": 3,
              "display_on_screen_animation": false
            },
            {
              "effect": "regeneration",
              "duration": 60000,
              "amplifier": 1,
              "display_on_screen_animation": false
            },
            {
              "effect": "resistance",
              "duration": 60000,
              "amplifier": 1,
              "display_on_screen_animation": false
            },
            {
              "effect": "saturation",
              "duration": 60000,
              "amplifier": 1,
              "display_on_screen_animation": false
            },
            {
              "effect": "speed",
              "duration": 60000,
              "amplifier": 1,
              "display_on_screen_animation": false
            },
            {
              "effect": "strength",
              "duration": 60000,
              "amplifier": 1,
              "display_on_screen_animation": false
            }
          ]
        }
      },
      "pa:multmouse_event_hold": {
        "minecraft:is_chested": {}
      },
      "pa:multmouse_event_play": {
        "minecraft:health": {
          "value": 38,
          "max": 38
        },
        "minecraft:movement": {
          "value": 0.1
        },
        "minecraft:spell_effects": {
          "add_effects": [
            {
              "effect": "jump_boost",
              "duration": 60000,
              "amplifier": 1,
              "display_on_screen_animation": false
            },
            {
              "effect": "regeneration",
              "duration": 60000,
              "amplifier": 1,
              "display_on_screen_animation": false
            },
            {
              "effect": "resistance",
              "duration": 60000,
              "amplifier": 1,
              "display_on_screen_animation": false
            },
            {
              "effect": "saturation",
              "duration": 60000,
              "amplifier": 1,
              "display_on_screen_animation": false
            },
            {
              "effect": "speed",
              "duration": 60000,
              "amplifier": 4,
              "display_on_screen_animation": false
            },
            {
              "effect": "strength",
              "duration": 60000,
              "amplifier": 1,
              "display_on_screen_animation": false
            }
          ]
        }
      },
      "pa:bunix_event_hold": {
        "minecraft:is_chested": {}
      },
      "pa:bunix_event_play": {
        "minecraft:health": {
          "value": 22,
          "max": 22
        },
        "minecraft:movement": {
          "value": 0.1
        },
        "minecraft:spell_effects": {
          "add_effects": [
            {
              "effect": "jump_boost",
              "duration": 60000,
              "amplifier": 1,
              "display_on_screen_animation": false
            },
            {
              "effect": "regeneration",
              "duration": 60000,
              "amplifier": 1,
              "display_on_screen_animation": false
            },
            {
              "effect": "resistance",
              "duration": 60000,
              "amplifier": 1,
              "display_on_screen_animation": false
            },
            {
              "effect": "saturation",
              "duration": 60000,
              "amplifier": 1,
              "display_on_screen_animation": false
            },
            {
              "effect": "speed",
              "duration": 60000,
              "amplifier": 1,
              "display_on_screen_animation": false
            },
            {
              "effect": "strength",
              "duration": 60000,
              "amplifier": 1,
              "display_on_screen_animation": false
            }
          ]
        }
      },
      "pa:tagueador_event_hold": {
        "minecraft:is_chested": {}
      },
      "pa:tagueador_event_play": {
        "minecraft:health": {
          "value": 38,
          "max": 38
        },
        "minecraft:movement": {
          "value": 0.1
        },
        "minecraft:spell_effects": {
          "add_effects": [
            {
              "effect": "jump_boost",
              "duration": 60000,
              "amplifier": 1,
              "display_on_screen_animation": false
            },
            {
              "effect": "resistance",
              "duration": 60000,
              "amplifier": 1,
              "display_on_screen_animation": false
            },
            {
              "effect": "saturation",
              "duration": 60000,
              "amplifier": 1,
              "display_on_screen_animation": false
            },
            {
              "effect": "speed",
              "duration": 60000,
              "amplifier": 1,
              "display_on_screen_animation": false
            },
            {
              "effect": "strength",
              "duration": 60000,
              "amplifier": 1,
              "display_on_screen_animation": false
            }
          ]
        }
      },
      "pa:ladybug_form_gelo_event_hold": {
        "minecraft:is_chested": {}
      },
      "pa:ladybug_form_gelo_event_play": {
        "minecraft:health": {
          "value": 38,
          "max": 38
        },
        "minecraft:movement": {
          "value": 0.1
        },
        "minecraft:spell_effects": {
          "add_effects": [
            {
              "effect": "instant_health",
              "duration": 60000,
              "amplifier": 1,
              "display_on_screen_animation": false
            },
            {
              "effect": "jump_boost",
              "duration": 60000,
              "amplifier": 1,
              "display_on_screen_animation": false
            },
            {
              "effect": "regeneration",
              "duration": 60000,
              "amplifier": 1,
              "display_on_screen_animation": false
            },
            {
              "effect": "resistance",
              "duration": 60000,
              "amplifier": 1,
              "display_on_screen_animation": false
            },
            {
              "effect": "speed",
              "duration": 60000,
              "amplifier": 6,
              "display_on_screen_animation": false
            },
            {
              "effect": "strength",
              "duration": 60000,
              "amplifier": 1,
              "display_on_screen_animation": false
            }
          ]
        }
      },
      "pa:catnoir_gelo_event_hold": {
        "minecraft:is_chested": {}
      },
      "pa:catnoir_gelo_event_play": {
        "minecraft:health": {
          "value": 38,
          "max": 38
        },
        "minecraft:movement": {
          "value": 0.1
        },
        "minecraft:spell_effects": {
          "add_effects": [
            {
              "effect": "jump_boost",
              "duration": 60000,
              "amplifier": 1,
              "display_on_screen_animation": false
            },
            {
              "effect": "night_vision",
              "duration": 60000,
              "amplifier": 1,
              "display_on_screen_animation": false
            },
            {
              "effect": "resistance",
              "duration": 60000,
              "amplifier": 1,
              "display_on_screen_animation": false
            },
            {
              "effect": "saturation",
              "duration": 60000,
              "amplifier": 1,
              "display_on_screen_animation": false
            },
            {
              "effect": "speed",
              "duration": 60000,
              "amplifier": 1,
              "display_on_screen_animation": false
            },
            {
              "effect": "strength",
              "duration": 60000,
              "amplifier": 1,
              "display_on_screen_animation": false
            }
          ]
        }
      },
      "pa:akumatizacao_event_hold": {
        "minecraft:is_chested": {}
      },
      "pa:akumatizacao_event_play": {
        "minecraft:health": {
          "value": 38,
          "max": 38
        },
        "minecraft:movement": {
          "value": 0.1
        },
        "minecraft:spell_effects": {
          "add_effects": [
            {
              "effect": "jump_boost",
              "duration": 60000,
              "amplifier": 1,
              "display_on_screen_animation": false
            },
            {
              "effect": "regeneration",
              "duration": 60000,
              "amplifier": 1,
              "display_on_screen_animation": false
            },
            {
              "effect": "resistance",
              "duration": 60000,
              "amplifier": 1,
              "display_on_screen_animation": false
            },
            {
              "effect": "speed",
              "duration": 60000,
              "amplifier": 1,
              "display_on_screen_animation": false
            },
            {
              "effect": "strength",
              "duration": 60000,
              "amplifier": 1,
              "display_on_screen_animation": false
            }
          ]
        }
      }
    },
    "components": {
      "minecraft:type_family": {
        "family": [
          "player"
        ]
      },
      "minecraft:loot": {
        "table": "loot_tables/empty.json"
      },
      "minecraft:collision_box": {
        "width": 0.6,
        "height": 1.8
      },
      "minecraft:can_climb": {},
      "minecraft:movement": {
        "value": 0.1
      },
      "minecraft:environment_sensor": [
        {
          "on_environment": {
            "filters": {
              "any_of": [
                {
                  "test": "is_family",
                  "subject": "self",
                  "value": "player"
                }
              ]
            },
            "event": "pamobile:refresh_player"
          }
        },
        {
          "on_environment": {
            "filters": {
              "all_of": [
                {
                  "test": "has_equipment",
                  "subject": "self",
                  "domain": "hand",
                  "value": "pa:bastao_howkmoth"
                }
              ]
            },
            "event": "pa:bastao_howkmoth_event"
          }
        },
        {
          "on_environment": {
            "filters": {
              "all_of": [
                {
                  "test": "has_equipment",
                  "subject": "self",
                  "domain": "hand",
                  "value": "pa:yoyo_larybug"
                }
              ]
            },
            "event": "pa:yoyo_larybug_event"
          }
        },
        {
          "on_environment": {
            "filters": {
              "all_of": [
                {
                  "test": "has_equipment",
                  "subject": "self",
                  "domain": "hand",
                  "value": "pa:flaute_rennarouge"
                }
              ]
            },
            "event": "pa:flaute_rennarouge_event"
          }
        },
        {
          "on_environment": {
            "filters": {
              "all_of": [
                {
                  "test": "has_equipment",
                  "subject": "self",
                  "domain": "hand",
                  "value": "pa:bastao_catblanc"
                }
              ]
            },
            "event": "pa:bastao_catblanc_event"
          }
        },
        {
          "on_environment": {
            "filters": {
              "all_of": [
                {
                  "test": "has_equipment",
                  "subject": "self",
                  "domain": "hand",
                  "value": "pa:escudo_carapace"
                }
              ]
            },
            "event": "pa:escudo_carapace_event"
          }
        },
        {
          "on_environment": {
            "filters": {
              "all_of": [
                {
                  "test": "has_equipment",
                  "subject": "self",
                  "domain": "hand",
                  "value": "pa:arpa"
                }
              ]
            },
            "event": "pa:arpa_event"
          }
        },
        {
          "on_environment": {
            "filters": {
              "all_of": [
                {
                  "test": "has_equipment",
                  "subject": "self",
                  "domain": "hand",
                  "value": "pa:bastao_monkey"
                }
              ]
            },
            "event": "pa:bastao_monkey_event"
          }
        },
        {
          "on_environment": {
            "filters": {
              "all_of": [
                {
                  "test": "has_equipment",
                  "subject": "self",
                  "domain": "hand",
                  "value": "pa:ferradura"
                }
              ]
            },
            "event": "pa:ferradura_event"
          }
        },
        {
          "on_environment": {
            "filters": {
              "all_of": [
                {
                  "test": "has_equipment",
                  "subject": "self",
                  "domain": "hand",
                  "value": "pa:guarda_chuva"
                }
              ]
            },
            "event": "pa:guarda_chuva_event"
          }
        },
        {
          "on_environment": {
            "filters": {
              "all_of": [
                {
                  "test": "has_equipment",
                  "subject": "self",
                  "domain": "hand",
                  "value": "pa:chicote"
                }
              ]
            },
            "event": "pa:chicote_event"
          }
        },
        {
          "on_environment": {
            "filters": {
              "all_of": [
                {
                  "test": "has_equipment",
                  "subject": "self",
                  "domain": "hand",
                  "value": "pa:espada"
                }
              ]
            },
            "event": "pa:espada_event"
          }
        },
        {
          "on_environment": {
            "filters": {
              "all_of": [
                {
                  "test": "has_equipment",
                  "subject": "self",
                  "domain": "hand",
                  "value": "pa:bastao_catnoir"
                }
              ]
            },
            "event": "pa:bastao_catnoir_event"
          }
        },
        {
          "on_environment": {
            "filters": {
              "all_of": [
                {
                  "test": "has_equipment",
                  "subject": "self",
                  "domain": "hand",
                  "value": "pa:arma_tagueador"
                },
                {
                  "test": "is_family",
                  "subject": "self",
                  "value": "player"
                }
              ]
            },
            "event": "ammo:1"
          }
        },
        {
          "on_environment": {
            "filters": {
              "all_of": [
                {
                  "test": "has_equipment",
                  "subject": "self",
                  "domain": "hand",
                  "value": "pa:catnoir"
                }
              ]
            },
            "event": "pa:catnoir_event_hold"
          }
        },
        {
          "on_environment": {
            "filters": {
              "all_of": [
                {
                  "test": "has_equipment",
                  "subject": "self",
                  "domain": "head",
                  "value": "pa:catnoir"
                }
              ]
            },
            "event": "pa:catnoir_event_play"
          }
        },
        {
          "on_environment": {
            "filters": {
              "all_of": [
                {
                  "test": "has_equipment",
                  "subject": "self",
                  "domain": "hand",
                  "value": "pa:howkmoth"
                }
              ]
            },
            "event": "pa:howkmoth_event_hold"
          }
        },
        {
          "on_environment": {
            "filters": {
              "all_of": [
                {
                  "test": "has_equipment",
                  "subject": "self",
                  "domain": "head",
                  "value": "pa:howkmoth"
                }
              ]
            },
            "event": "pa:howkmoth_event_play"
          }
        },
        {
          "on_environment": {
            "filters": {
              "all_of": [
                {
                  "test": "has_equipment",
                  "subject": "self",
                  "domain": "hand",
                  "value": "pa:queenbe"
                }
              ]
            },
            "event": "pa:queenbe_event_hold"
          }
        },
        {
          "on_environment": {
            "filters": {
              "all_of": [
                {
                  "test": "has_equipment",
                  "subject": "self",
                  "domain": "head",
                  "value": "pa:queenbe"
                }
              ]
            },
            "event": "pa:queenbe_event_play"
          }
        },
        {
          "on_environment": {
            "filters": {
              "all_of": [
                {
                  "test": "has_equipment",
                  "subject": "self",
                  "domain": "hand",
                  "value": "pa:rennarouge"
                }
              ]
            },
            "event": "pa:rennarouge_event_hold"
          }
        },
        {
          "on_environment": {
            "filters": {
              "all_of": [
                {
                  "test": "has_equipment",
                  "subject": "self",
                  "domain": "head",
                  "value": "pa:rennarouge"
                }
              ]
            },
            "event": "pa:rennarouge_event_play"
          }
        },
        {
          "on_environment": {
            "filters": {
              "all_of": [
                {
                  "test": "has_equipment",
                  "subject": "self",
                  "domain": "hand",
                  "value": "pa:ladybug"
                }
              ]
            },
            "event": "pa:ladybug_event_hold"
          }
        },
        {
          "on_environment": {
            "filters": {
              "all_of": [
                {
                  "test": "has_equipment",
                  "subject": "self",
                  "domain": "head",
                  "value": "pa:ladybug"
                }
              ]
            },
            "event": "pa:ladybug_event_play"
          }
        },
        {
          "on_environment": {
            "filters": {
              "all_of": [
                {
                  "test": "has_equipment",
                  "subject": "self",
                  "domain": "hand",
                  "value": "pa:akumatizado"
                }
              ]
            },
            "event": "pa:akumatizado_event_hold"
          }
        },
        {
          "on_environment": {
            "filters": {
              "all_of": [
                {
                  "test": "has_equipment",
                  "subject": "self",
                  "domain": "head",
                  "value": "pa:akumatizado"
                }
              ]
            },
            "event": "pa:akumatizado_event_play"
          }
        },
        {
          "on_environment": {
            "filters": {
              "all_of": [
                {
                  "test": "has_equipment",
                  "subject": "self",
                  "domain": "hand",
                  "value": "pa:catblanc"
                }
              ]
            },
            "event": "pa:catblanc_event_hold"
          }
        },
        {
          "on_environment": {
            "filters": {
              "all_of": [
                {
                  "test": "has_equipment",
                  "subject": "self",
                  "domain": "head",
                  "value": "pa:catblanc"
                }
              ]
            },
            "event": "pa:catblanc_event_play"
          }
        },
        {
          "on_environment": {
            "filters": {
              "all_of": [
                {
                  "test": "has_equipment",
                  "subject": "self",
                  "domain": "hand",
                  "value": "pa:mayura"
                }
              ]
            },
            "event": "pa:mayura_event_hold"
          }
        },
        {
          "on_environment": {
            "filters": {
              "all_of": [
                {
                  "test": "has_equipment",
                  "subject": "self",
                  "domain": "head",
                  "value": "pa:mayura"
                }
              ]
            },
            "event": "pa:mayura_event_play"
          }
        },
        {
          "on_environment": {
            "filters": {
              "all_of": [
                {
                  "test": "has_equipment",
                  "subject": "self",
                  "domain": "hand",
                  "value": "pa:carapace"
                }
              ]
            },
            "event": "pa:carapace_event_hold"
          }
        },
        {
          "on_environment": {
            "filters": {
              "all_of": [
                {
                  "test": "has_equipment",
                  "subject": "self",
                  "domain": "head",
                  "value": "pa:carapace"
                }
              ]
            },
            "event": "pa:carapace_event_play"
          }
        },
        {
          "on_environment": {
            "filters": {
              "all_of": [
                {
                  "test": "has_equipment",
                  "subject": "self",
                  "domain": "hand",
                  "value": "pa:viperion"
                }
              ]
            },
            "event": "pa:viperion_event_hold"
          }
        },
        {
          "on_environment": {
            "filters": {
              "all_of": [
                {
                  "test": "has_equipment",
                  "subject": "self",
                  "domain": "head",
                  "value": "pa:viperion"
                }
              ]
            },
            "event": "pa:viperion_event_play"
          }
        },
        {
          "on_environment": {
            "filters": {
              "all_of": [
                {
                  "test": "has_equipment",
                  "subject": "self",
                  "domain": "hand",
                  "value": "pa:Lady_wifi"
                }
              ]
            },
            "event": "pa:Lady_wifi_event_hold"
          }
        },
        {
          "on_environment": {
            "filters": {
              "all_of": [
                {
                  "test": "has_equipment",
                  "subject": "self",
                  "domain": "head",
                  "value": "pa:Lady_wifi"
                }
              ]
            },
            "event": "pa:Lady_wifi_event_play"
          }
        },
        {
          "on_environment": {
            "filters": {
              "all_of": [
                {
                  "test": "has_equipment",
                  "subject": "self",
                  "domain": "hand",
                  "value": "pa:monkey"
                }
              ]
            },
            "event": "pa:monkey_event_hold"
          }
        },
        {
          "on_environment": {
            "filters": {
              "all_of": [
                {
                  "test": "has_equipment",
                  "subject": "self",
                  "domain": "head",
                  "value": "pa:monkey"
                }
              ]
            },
            "event": "pa:monkey_event_play"
          }
        },
        {
          "on_environment": {
            "filters": {
              "all_of": [
                {
                  "test": "has_equipment",
                  "subject": "self",
                  "domain": "hand",
                  "value": "pa:pegasus"
                }
              ]
            },
            "event": "pa:pegasus_event_hold"
          }
        },
        {
          "on_environment": {
            "filters": {
              "all_of": [
                {
                  "test": "has_equipment",
                  "subject": "self",
                  "domain": "head",
                  "value": "pa:pegasus"
                }
              ]
            },
            "event": "pa:pegasus_event_play"
          }
        },
        {
          "on_environment": {
            "filters": {
              "all_of": [
                {
                  "test": "has_equipment",
                  "subject": "self",
                  "domain": "hand",
                  "value": "pa:multmouse"
                }
              ]
            },
            "event": "pa:multmouse_event_hold"
          }
        },
        {
          "on_environment": {
            "filters": {
              "all_of": [
                {
                  "test": "has_equipment",
                  "subject": "self",
                  "domain": "head",
                  "value": "pa:multmouse"
                }
              ]
            },
            "event": "pa:multmouse_event_play"
          }
        },
        {
          "on_environment": {
            "filters": {
              "all_of": [
                {
                  "test": "has_equipment",
                  "subject": "self",
                  "domain": "hand",
                  "value": "pa:bunix"
                }
              ]
            },
            "event": "pa:bunix_event_hold"
          }
        },
        {
          "on_environment": {
            "filters": {
              "all_of": [
                {
                  "test": "has_equipment",
                  "subject": "self",
                  "domain": "head",
                  "value": "pa:bunix"
                }
              ]
            },
            "event": "pa:bunix_event_play"
          }
        },
        {
          "on_environment": {
            "filters": {
              "all_of": [
                {
                  "test": "has_equipment",
                  "subject": "self",
                  "domain": "hand",
                  "value": "pa:tagueador"
                }
              ]
            },
            "event": "pa:tagueador_event_hold"
          }
        },
        {
          "on_environment": {
            "filters": {
              "all_of": [
                {
                  "test": "has_equipment",
                  "subject": "self",
                  "domain": "head",
                  "value": "pa:tagueador"
                }
              ]
            },
            "event": "pa:tagueador_event_play"
          }
        },
        {
          "on_environment": {
            "filters": {
              "all_of": [
                {
                  "test": "has_equipment",
                  "subject": "self",
                  "domain": "hand",
                  "value": "pa:ladybug_form_gelo"
                }
              ]
            },
            "event": "pa:ladybug_form_gelo_event_hold"
          }
        },
        {
          "on_environment": {
            "filters": {
              "all_of": [
                {
                  "test": "has_equipment",
                  "subject": "self",
                  "domain": "head",
                  "value": "pa:ladybug_form_gelo"
                }
              ]
            },
            "event": "pa:ladybug_form_gelo_event_play"
          }
        },
        {
          "on_environment": {
            "filters": {
              "all_of": [
                {
                  "test": "has_equipment",
                  "subject": "self",
                  "domain": "hand",
                  "value": "pa:catnoir_gelo"
                }
              ]
            },
            "event": "pa:catnoir_gelo_event_hold"
          }
        },
        {
          "on_environment": {
            "filters": {
              "all_of": [
                {
                  "test": "has_equipment",
                  "subject": "self",
                  "domain": "head",
                  "value": "pa:catnoir_gelo"
                }
              ]
            },
            "event": "pa:catnoir_gelo_event_play"
          }
        },
        {
          "on_environment": {
            "filters": {
              "all_of": [
                {
                  "test": "has_equipment",
                  "subject": "self",
                  "domain": "hand",
                  "value": "pa:akumatizacao"
                }
              ]
            },
            "event": "pa:akumatizacao_event_hold"
          }
        },
        {
          "on_environment": {
            "filters": {
              "all_of": [
                {
                  "test": "has_equipment",
                  "subject": "self",
                  "domain": "head",
                  "value": "pa:akumatizacao"
                }
              ]
            },
            "event": "pa:akumatizacao_event_play"
          }
        }
      ],
      "minecraft:player.saturation": {
        "value": 20
      },
      "minecraft:player.exhaustion": {
        "value": 0,
        "max": 4
      },
      "minecraft:player.level": {
        "value": 0,
        "max": 24791
      },
      "minecraft:player.experience": {
        "value": 0,
        "max": 1
      },
      "minecraft:breathable": {
        "totalSupply": 15,
        "suffocateTime": -1,
        "inhaleTime": 3.75,
        "generatesBubbles": false
      },
      "minecraft:nameable": {
        "alwaysShow": true,
        "allowNameTagRenaming": false
      },
      "minecraft:physics": {},
      "minecraft:insomnia": {
        "days_until_insomnia": 3
      },
      "minecraft:rideable": {
        "seat_count": 2,
        "family_types": [
          "parrot_tame"
        ],
        "pull_in_entities": true,
        "seats": [
          {
            "position": [
              0.4,
              -0.15,
              0.04
            ],
            "min_rider_count": 0,
            "max_rider_count": 0,
            "lock_rider_rotation": 0
          },
          {
            "position": [
              -0.4,
              -0.15,
              0.04
            ],
            "min_rider_count": 1,
            "max_rider_count": 2,
            "lock_rider_rotation": 0
          }
        ]
      },
      "minecraft:scaffolding_climber": {}
    },
    "events": {
      "pamobile:refresh_player": {
        "add": {
          "component_groups": [
            "pamobile:respawn"
          ]
        },
        "remove": {
          "component_groups": [
            "pa:bastao_howkmoth",
            "pa:yoyo_larybug",
            "pa:flaute_rennarouge",
            "pa:bastao_catblanc",
            "pa:escudo_carapace",
            "pa:arpa",
            "pa:bastao_monkey",
            "pa:ferradura",
            "pa:guarda_chuva",
            "pa:chicote",
            "pa:espada",
            "pa:bastao_catnoir",
            "pa:catnoir_event_hold",
            "pa:catnoir_event_play",
            "pa:howkmoth_event_hold",
            "pa:howkmoth_event_play",
            "pa:queenbe_event_hold",
            "pa:queenbe_event_play",
            "pa:rennarouge_event_hold",
            "pa:rennarouge_event_play",
            "pa:ladybug_event_hold",
            "pa:ladybug_event_play",
            "pa:akumatizado_event_hold",
            "pa:akumatizado_event_play",
            "pa:catblanc_event_hold",
            "pa:catblanc_event_play",
            "pa:mayura_event_hold",
            "pa:mayura_event_play",
            "pa:carapace_event_hold",
            "pa:carapace_event_play",
            "pa:viperion_event_hold",
            "pa:viperion_event_play",
            "pa:Lady_wifi_event_hold",
            "pa:Lady_wifi_event_play",
            "pa:monkey_event_hold",
            "pa:monkey_event_play",
            "pa:pegasus_event_hold",
            "pa:pegasus_event_play",
            "pa:multmouse_event_hold",
            "pa:multmouse_event_play",
            "pa:bunix_event_hold",
            "pa:bunix_event_play",
            "pa:tagueador_event_hold",
            "pa:tagueador_event_play",
            "pa:ladybug_form_gelo_event_hold",
            "pa:ladybug_form_gelo_event_play",
            "pa:catnoir_gelo_event_hold",
            "pa:catnoir_gelo_event_play",
            "pa:akumatizacao_event_hold",
            "pa:akumatizacao_event_play"
          ]
        }
      },
      "minecraft:entity_spawned": {
        "add": {
          "component_groups": [
            "pamobile:respawn"
          ]
        },
        "remove": {}
      },
      "ammo:1": {
        "remove": {
          "component_groups": [
            "ammo:1"
          ]
        },
        "add": {
          "component_groups": [
            "ammo:1"
          ]
        }
      },
      "ammo:2": {
        "remove": {
          "component_groups": [
            "ammo:2"
          ]
        },
        "add": {
          "component_groups": [
            "ammo:2"
          ]
        }
      },
      "pa:bastao_howkmoth_event": {
        "add": {
          "component_groups": [
            "pa:bastao_howkmoth"
          ]
        }
      },
      "pa:yoyo_larybug_event": {
        "add": {
          "component_groups": [
            "pa:yoyo_larybug"
          ]
        }
      },
      "pa:flaute_rennarouge_event": {
        "add": {
          "component_groups": [
            "pa:flaute_rennarouge"
          ]
        }
      },
      "pa:bastao_catblanc_event": {
        "add": {
          "component_groups": [
            "pa:bastao_catblanc"
          ]
        }
      },
      "pa:escudo_carapace_event": {
        "add": {
          "component_groups": [
            "pa:escudo_carapace"
          ]
        }
      },
      "pa:arpa_event": {
        "add": {
          "component_groups": [
            "pa:arpa"
          ]
        }
      },
      "pa:bastao_monkey_event": {
        "add": {
          "component_groups": [
            "pa:bastao_monkey"
          ]
        }
      },
      "pa:ferradura_event": {
        "add": {
          "component_groups": [
            "pa:ferradura"
          ]
        }
      },
      "pa:guarda_chuva_event": {
        "add": {
          "component_groups": [
            "pa:guarda_chuva"
          ]
        }
      },
      "pa:chicote_event": {
        "add": {
          "component_groups": [
            "pa:chicote"
          ]
        }
      },
      "pa:espada_event": {
        "add": {
          "component_groups": [
            "pa:espada"
          ]
        }
      },
      "pa:bastao_catnoir_event": {
        "add": {
          "component_groups": [
            "pa:bastao_catnoir"
          ]
        }
      },
      "pa:arma_tagueador_fire": {
        "add": {
          "component_groups": [
            "pa:arma_tagueador_fire"
          ]
        }
      },
      "pa:catnoir_event_hold": {
        "add": {
          "component_groups": [
            "pa:catnoir_event_hold"
          ]
        }
      },
      "pa:catnoir_event_play": {
        "add": {
          "component_groups": [
            "pa:catnoir_event_play"
          ]
        }
      },
      "pa:howkmoth_event_hold": {
        "add": {
          "component_groups": [
            "pa:howkmoth_event_hold"
          ]
        }
      },
      "pa:howkmoth_event_play": {
        "add": {
          "component_groups": [
            "pa:howkmoth_event_play"
          ]
        }
      },
      "pa:queenbe_event_hold": {
        "add": {
          "component_groups": [
            "pa:queenbe_event_hold"
          ]
        }
      },
      "pa:queenbe_event_play": {
        "add": {
          "component_groups": [
            "pa:queenbe_event_play"
          ]
        }
      },
      "pa:rennarouge_event_hold": {
        "add": {
          "component_groups": [
            "pa:rennarouge_event_hold"
          ]
        }
      },
      "pa:rennarouge_event_play": {
        "add": {
          "component_groups": [
            "pa:rennarouge_event_play"
          ]
        }
      },
      "pa:ladybug_event_hold": {
        "add": {
          "component_groups": [
            "pa:ladybug_event_hold"
          ]
        }
      },
      "pa:ladybug_event_play": {
        "add": {
          "component_groups": [
            "pa:ladybug_event_play"
          ]
        }
      },
      "pa:akumatizado_event_hold": {
        "add": {
          "component_groups": [
            "pa:akumatizado_event_hold"
          ]
        }
      },
      "pa:akumatizado_event_play": {
        "add": {
          "component_groups": [
            "pa:akumatizado_event_play"
          ]
        }
      },
      "pa:catblanc_event_hold": {
        "add": {
          "component_groups": [
            "pa:catblanc_event_hold"
          ]
        }
      },
      "pa:catblanc_event_play": {
        "add": {
          "component_groups": [
            "pa:catblanc_event_play"
          ]
        }
      },
      "pa:mayura_event_hold": {
        "add": {
          "component_groups": [
            "pa:mayura_event_hold"
          ]
        }
      },
      "pa:mayura_event_play": {
        "add": {
          "component_groups": [
            "pa:mayura_event_play"
          ]
        }
      },
      "pa:carapace_event_hold": {
        "add": {
          "component_groups": [
            "pa:carapace_event_hold"
          ]
        }
      },
      "pa:carapace_event_play": {
        "add": {
          "component_groups": [
            "pa:carapace_event_play"
          ]
        }
      },
      "pa:viperion_event_hold": {
        "add": {
          "component_groups": [
            "pa:viperion_event_hold"
          ]
        }
      },
      "pa:viperion_event_play": {
        "add": {
          "component_groups": [
            "pa:viperion_event_play"
          ]
        }
      },
      "pa:Lady_wifi_event_hold": {
        "add": {
          "component_groups": [
            "pa:Lady_wifi_event_hold"
          ]
        }
      },
      "pa:Lady_wifi_event_play": {
        "add": {
          "component_groups": [
            "pa:Lady_wifi_event_play"
          ]
        }
      },
      "pa:monkey_event_hold": {
        "add": {
          "component_groups": [
            "pa:monkey_event_hold"
          ]
        }
      },
      "pa:monkey_event_play": {
        "add": {
          "component_groups": [
            "pa:monkey_event_play"
          ]
        }
      },
      "pa:pegasus_event_hold": {
        "add": {
          "component_groups": [
            "pa:pegasus_event_hold"
          ]
        }
      },
      "pa:pegasus_event_play": {
        "add": {
          "component_groups": [
            "pa:pegasus_event_play"
          ]
        }
      },
      "pa:multmouse_event_hold": {
        "add": {
          "component_groups": [
            "pa:multmouse_event_hold"
          ]
        }
      },
      "pa:multmouse_event_play": {
        "add": {
          "component_groups": [
            "pa:multmouse_event_play"
          ]
        }
      },
      "pa:bunix_event_hold": {
        "add": {
          "component_groups": [
            "pa:bunix_event_hold"
          ]
        }
      },
      "pa:bunix_event_play": {
        "add": {
          "component_groups": [
            "pa:bunix_event_play"
          ]
        }
      },
      "pa:tagueador_event_hold": {
        "add": {
          "component_groups": [
            "pa:tagueador_event_hold"
          ]
        }
      },
      "pa:tagueador_event_play": {
        "add": {
          "component_groups": [
            "pa:tagueador_event_play"
          ]
        }
      },
      "pa:ladybug_form_gelo_event_hold": {
        "add": {
          "component_groups": [
            "pa:ladybug_form_gelo_event_hold"
          ]
        }
      },
      "pa:ladybug_form_gelo_event_play": {
        "add": {
          "component_groups": [
            "pa:ladybug_form_gelo_event_play"
          ]
        }
      },
      "pa:catnoir_gelo_event_hold": {
        "add": {
          "component_groups": [
            "pa:catnoir_gelo_event_hold"
          ]
        }
      },
      "pa:catnoir_gelo_event_play": {
        "add": {
          "component_groups": [
            "pa:catnoir_gelo_event_play"
          ]
        }
      },
      "pa:akumatizacao_event_hold": {
        "add": {
          "component_groups": [
            "pa:akumatizacao_event_hold"
          ]
        }
      },
      "pa:akumatizacao_event_play": {
        "add": {
          "component_groups": [
            "pa:akumatizacao_event_play"
          ]
        }
      }
    }
  }
}